molecule,peak_value,unit,rel_intensity,source
apigenin,112.7,cm^-1,,"COMPUTED GFN2-xTB (theoretical, non-experimental)"
apigenin,163.0,cm^-1,,"COMPUTED GFN2-xTB (theoretical, non-experimental)"
apigenin,207.2,cm^-1,,"COMPUTED GFN2-xTB (theoretical, non-experimental)"
apigenin,222.1,cm^-1,,"COMPUTED GFN2-xTB (theoretical, non-experimental)"
apigenin,224.5,cm^-1,,"COMPUTED GFN2-xTB (theoretical, non-experimental)"
apigenin,259.0,cm^-1,,"COMPUTED GFN2-xTB (theoretical, non-experimental)"
apigenin,281.3,cm^-1,,"COMPUTED GFN2-xTB (theoretical, non-experimental)"
apigenin,313.6,cm^-1,,"COMPUTED GFN2-xTB (theoretical, non-experimental)"
apigenin,346.9,cm^-1,,"COMPUTED GFN2-xTB (theoretical, non-experimental)"
apigenin,363.3,cm^-1,,"COMPUTED GFN2-xTB (theoretical, non-experimental)"
apigenin,373.5,cm^-1,,"COMPUTED GFN2-xTB (theoretical, non-experimental)"
apigenin,393.3,cm^-1,,"COMPUTED GFN2-xTB (theoretical, non-experimental)"
apigenin,415.5,cm^-1,,"COMPUTED GFN2-xTB (theoretical, non-experimental)"
apigenin,445.3,cm^-1,,"COMPUTED GFN2-xTB (theoretical, non-experimental)"
apigenin,461.4,cm^-1,,"COMPUTED GFN2-xTB (theoretical, non-experimental)"
apigenin,465.6,cm^-1,,"COMPUTED GFN2-xTB (theoretical, non-experimental)"
apigenin,481.2,cm^-1,,"COMPUTED GFN2-xTB (theoretical, non-experimental)"
apigenin,495.0,cm^-1,,"COMPUTED GFN2-xTB (theoretical, non-experimental)"
apigenin,536.2,cm^-1,,"COMPUTED GFN2-xTB (theoretical, non-experimental)"
apigenin,563.3,cm^-1,,"COMPUTED GFN2-xTB (theoretical, non-experimental)"
apigenin,583.2,cm^-1,,"COMPUTED GFN2-xTB (theoretical, non-experimental)"
apigenin,595.3,cm^-1,,"COMPUTED GFN2-xTB (theoretical, non-experimental)"
apigenin,603.6,cm^-1,,"COMPUTED GFN2-xTB (theoretical, non-experimental)"
apigenin,617.1,cm^-1,,"COMPUTED GFN2-xTB (theoretical, non-experimental)"
apigenin,630.4,cm^-1,,"COMPUTED GFN2-xTB (theoretical, non-experimental)"
apigenin,642.3,cm^-1,,"COMPUTED GFN2-xTB (theoretical, non-experimental)"
apigenin,666.8,cm^-1,,"COMPUTED GFN2-xTB (theoretical, non-experimental)"
apigenin,691.9,cm^-1,,"COMPUTED GFN2-xTB (theoretical, non-experimental)"
apigenin,724.8,cm^-1,,"COMPUTED GFN2-xTB (theoretical, non-experimental)"
apigenin,736.9,cm^-1,,"COMPUTED GFN2-xTB (theoretical, non-experimental)"
apigenin,814.4,cm^-1,,"COMPUTED GFN2-xTB (theoretical, non-experimental)"
apigenin,821.0,cm^-1,,"COMPUTED GFN2-xTB (theoretical, non-experimental)"
apigenin,823.4,cm^-1,,"COMPUTED GFN2-xTB (theoretical, non-experimental)"
apigenin,836.6,cm^-1,,"COMPUTED GFN2-xTB (theoretical, non-experimental)"
apigenin,844.4,cm^-1,,"COMPUTED GFN2-xTB (theoretical, non-experimental)"
apigenin,849.7,cm^-1,,"COMPUTED GFN2-xTB (theoretical, non-experimental)"
apigenin,863.4,cm^-1,,"COMPUTED GFN2-xTB (theoretical, non-experimental)"
apigenin,906.7,cm^-1,,"COMPUTED GFN2-xTB (theoretical, non-experimental)"
apigenin,913.1,cm^-1,,"COMPUTED GFN2-xTB (theoretical, non-experimental)"
apigenin,920.4,cm^-1,,"COMPUTED GFN2-xTB (theoretical, non-experimental)"
apigenin,991.5,cm^-1,,"COMPUTED GFN2-xTB (theoretical, non-experimental)"
apigenin,1016.8,cm^-1,,"COMPUTED GFN2-xTB (theoretical, non-experimental)"
apigenin,1047.9,cm^-1,,"COMPUTED GFN2-xTB (theoretical, non-experimental)"
apigenin,1093.3,cm^-1,,"COMPUTED GFN2-xTB (theoretical, non-experimental)"
apigenin,1109.9,cm^-1,,"COMPUTED GFN2-xTB (theoretical, non-experimental)"
apigenin,1120.5,cm^-1,,"COMPUTED GFN2-xTB (theoretical, non-experimental)"
apigenin,1136.8,cm^-1,,"COMPUTED GFN2-xTB (theoretical, non-experimental)"
apigenin,1143.9,cm^-1,,"COMPUTED GFN2-xTB (theoretical, non-experimental)"
apigenin,1156.5,cm^-1,,"COMPUTED GFN2-xTB (theoretical, non-experimental)"
apigenin,1183.5,cm^-1,,"COMPUTED GFN2-xTB (theoretical, non-experimental)"
apigenin,1211.6,cm^-1,,"COMPUTED GFN2-xTB (theoretical, non-experimental)"
apigenin,1225.5,cm^-1,,"COMPUTED GFN2-xTB (theoretical, non-experimental)"
apigenin,1239.5,cm^-1,,"COMPUTED GFN2-xTB (theoretical, non-experimental)"
apigenin,1267.7,cm^-1,,"COMPUTED GFN2-xTB (theoretical, non-experimental)"
apigenin,1275.7,cm^-1,,"COMPUTED GFN2-xTB (theoretical, non-experimental)"
apigenin,1299.6,cm^-1,,"COMPUTED GFN2-xTB (theoretical, non-experimental)"
apigenin,1331.3,cm^-1,,"COMPUTED GFN2-xTB (theoretical, non-experimental)"
apigenin,1342.0,cm^-1,,"COMPUTED GFN2-xTB (theoretical, non-experimental)"
apigenin,1371.8,cm^-1,,"COMPUTED GFN2-xTB (theoretical, non-experimental)"
apigenin,1374.2,cm^-1,,"COMPUTED GFN2-xTB (theoretical, non-experimental)"
apigenin,1422.3,cm^-1,,"COMPUTED GFN2-xTB (theoretical, non-experimental)"
apigenin,1447.5,cm^-1,,"COMPUTED GFN2-xTB (theoretical, non-experimental)"
apigenin,1462.4,cm^-1,,"COMPUTED GFN2-xTB (theoretical, non-experimental)"
apigenin,1488.9,cm^-1,,"COMPUTED GFN2-xTB (theoretical, non-experimental)"
apigenin,1560.7,cm^-1,,"COMPUTED GFN2-xTB (theoretical, non-experimental)"
apigenin,1574.1,cm^-1,,"COMPUTED GFN2-xTB (theoretical, non-experimental)"
apigenin,1579.0,cm^-1,,"COMPUTED GFN2-xTB (theoretical, non-experimental)"
apigenin,1602.5,cm^-1,,"COMPUTED GFN2-xTB (theoretical, non-experimental)"
apigenin,1612.8,cm^-1,,"COMPUTED GFN2-xTB (theoretical, non-experimental)"
apigenin,1634.2,cm^-1,,"COMPUTED GFN2-xTB (theoretical, non-experimental)"
apigenin,2832.0,cm^-1,,"COMPUTED GFN2-xTB (theoretical, non-experimental)"
apigenin,3065.5,cm^-1,,"COMPUTED GFN2-xTB (theoretical, non-experimental)"
apigenin,3084.4,cm^-1,,"COMPUTED GFN2-xTB (theoretical, non-experimental)"
apigenin,3100.1,cm^-1,,"COMPUTED GFN2-xTB (theoretical, non-experimental)"
apigenin,3105.1,cm^-1,,"COMPUTED GFN2-xTB (theoretical, non-experimental)"
apigenin,3113.8,cm^-1,,"COMPUTED GFN2-xTB (theoretical, non-experimental)"
apigenin,3121.3,cm^-1,,"COMPUTED GFN2-xTB (theoretical, non-experimental)"
apigenin,3138.7,cm^-1,,"COMPUTED GFN2-xTB (theoretical, non-experimental)"
apigenin,3502.6,cm^-1,,"COMPUTED GFN2-xTB (theoretical, non-experimental)"
apigenin,3514.4,cm^-1,,"COMPUTED GFN2-xTB (theoretical, non-experimental)"
luteolin,110.2,cm^-1,,"COMPUTED GFN2-xTB (theoretical, non-experimental)"
luteolin,157.2,cm^-1,,"COMPUTED GFN2-xTB (theoretical, non-experimental)"
luteolin,195.2,cm^-1,,"COMPUTED GFN2-xTB (theoretical, non-experimental)"
luteolin,214.6,cm^-1,,"COMPUTED GFN2-xTB (theoretical, non-experimental)"
luteolin,218.3,cm^-1,,"COMPUTED GFN2-xTB (theoretical, non-experimental)"
luteolin,229.1,cm^-1,,"COMPUTED GFN2-xTB (theoretical, non-experimental)"
luteolin,257.5,cm^-1,,"COMPUTED GFN2-xTB (theoretical, non-experimental)"
luteolin,283.1,cm^-1,,"COMPUTED GFN2-xTB (theoretical, non-experimental)"
luteolin,287.3,cm^-1,,"COMPUTED GFN2-xTB (theoretical, non-experimental)"
luteolin,311.6,cm^-1,,"COMPUTED GFN2-xTB (theoretical, non-experimental)"
luteolin,350.3,cm^-1,,"COMPUTED GFN2-xTB (theoretical, non-experimental)"
luteolin,364.3,cm^-1,,"COMPUTED GFN2-xTB (theoretical, non-experimental)"
luteolin,382.0,cm^-1,,"COMPUTED GFN2-xTB (theoretical, non-experimental)"
luteolin,406.3,cm^-1,,"COMPUTED GFN2-xTB (theoretical, non-experimental)"
luteolin,430.9,cm^-1,,"COMPUTED GFN2-xTB (theoretical, non-experimental)"
luteolin,439.7,cm^-1,,"COMPUTED GFN2-xTB (theoretical, non-experimental)"
luteolin,442.3,cm^-1,,"COMPUTED GFN2-xTB (theoretical, non-experimental)"
luteolin,474.5,cm^-1,,"COMPUTED GFN2-xTB (theoretical, non-experimental)"
luteolin,478.6,cm^-1,,"COMPUTED GFN2-xTB (theoretical, non-experimental)"
luteolin,498.3,cm^-1,,"COMPUTED GFN2-xTB (theoretical, non-experimental)"
luteolin,519.0,cm^-1,,"COMPUTED GFN2-xTB (theoretical, non-experimental)"
luteolin,540.1,cm^-1,,"COMPUTED GFN2-xTB (theoretical, non-experimental)"
luteolin,567.8,cm^-1,,"COMPUTED GFN2-xTB (theoretical, non-experimental)"
luteolin,583.3,cm^-1,,"COMPUTED GFN2-xTB (theoretical, non-experimental)"
luteolin,589.7,cm^-1,,"COMPUTED GFN2-xTB (theoretical, non-experimental)"
luteolin,598.3,cm^-1,,"COMPUTED GFN2-xTB (theoretical, non-experimental)"
luteolin,628.8,cm^-1,,"COMPUTED GFN2-xTB (theoretical, non-experimental)"
luteolin,635.0,cm^-1,,"COMPUTED GFN2-xTB (theoretical, non-experimental)"
luteolin,646.7,cm^-1,,"COMPUTED GFN2-xTB (theoretical, non-experimental)"
luteolin,666.5,cm^-1,,"COMPUTED GFN2-xTB (theoretical, non-experimental)"
luteolin,681.0,cm^-1,,"COMPUTED GFN2-xTB (theoretical, non-experimental)"
luteolin,724.7,cm^-1,,"COMPUTED GFN2-xTB (theoretical, non-experimental)"
luteolin,732.0,cm^-1,,"COMPUTED GFN2-xTB (theoretical, non-experimental)"
luteolin,805.3,cm^-1,,"COMPUTED GFN2-xTB (theoretical, non-experimental)"
luteolin,806.1,cm^-1,,"COMPUTED GFN2-xTB (theoretical, non-experimental)"
luteolin,826.9,cm^-1,,"COMPUTED GFN2-xTB (theoretical, non-experimental)"
luteolin,828.5,cm^-1,,"COMPUTED GFN2-xTB (theoretical, non-experimental)"
luteolin,832.4,cm^-1,,"COMPUTED GFN2-xTB (theoretical, non-experimental)"
luteolin,849.1,cm^-1,,"COMPUTED GFN2-xTB (theoretical, non-experimental)"
luteolin,857.5,cm^-1,,"COMPUTED GFN2-xTB (theoretical, non-experimental)"
luteolin,858.8,cm^-1,,"COMPUTED GFN2-xTB (theoretical, non-experimental)"
luteolin,910.2,cm^-1,,"COMPUTED GFN2-xTB (theoretical, non-experimental)"
luteolin,959.9,cm^-1,,"COMPUTED GFN2-xTB (theoretical, non-experimental)"
luteolin,1009.8,cm^-1,,"COMPUTED GFN2-xTB (theoretical, non-experimental)"
luteolin,1049.4,cm^-1,,"COMPUTED GFN2-xTB (theoretical, non-experimental)"
luteolin,1091.1,cm^-1,,"COMPUTED GFN2-xTB (theoretical, non-experimental)"
luteolin,1097.5,cm^-1,,"COMPUTED GFN2-xTB (theoretical, non-experimental)"
luteolin,1104.3,cm^-1,,"COMPUTED GFN2-xTB (theoretical, non-experimental)"
luteolin,1129.8,cm^-1,,"COMPUTED GFN2-xTB (theoretical, non-experimental)"
luteolin,1134.7,cm^-1,,"COMPUTED GFN2-xTB (theoretical, non-experimental)"
luteolin,1162.4,cm^-1,,"COMPUTED GFN2-xTB (theoretical, non-experimental)"
luteolin,1163.8,cm^-1,,"COMPUTED GFN2-xTB (theoretical, non-experimental)"
luteolin,1184.3,cm^-1,,"COMPUTED GFN2-xTB (theoretical, non-experimental)"
luteolin,1199.6,cm^-1,,"COMPUTED GFN2-xTB (theoretical, non-experimental)"
luteolin,1231.9,cm^-1,,"COMPUTED GFN2-xTB (theoretical, non-experimental)"
luteolin,1240.3,cm^-1,,"COMPUTED GFN2-xTB (theoretical, non-experimental)"
luteolin,1268.1,cm^-1,,"COMPUTED GFN2-xTB (theoretical, non-experimental)"
luteolin,1269.7,cm^-1,,"COMPUTED GFN2-xTB (theoretical, non-experimental)"
luteolin,1319.3,cm^-1,,"COMPUTED GFN2-xTB (theoretical, non-experimental)"
luteolin,1327.1,cm^-1,,"COMPUTED GFN2-xTB (theoretical, non-experimental)"
luteolin,1367.9,cm^-1,,"COMPUTED GFN2-xTB (theoretical, non-experimental)"
luteolin,1368.9,cm^-1,,"COMPUTED GFN2-xTB (theoretical, non-experimental)"
luteolin,1377.6,cm^-1,,"COMPUTED GFN2-xTB (theoretical, non-experimental)"
luteolin,1435.6,cm^-1,,"COMPUTED GFN2-xTB (theoretical, non-experimental)"
luteolin,1446.3,cm^-1,,"COMPUTED GFN2-xTB (theoretical, non-experimental)"
luteolin,1462.4,cm^-1,,"COMPUTED GFN2-xTB (theoretical, non-experimental)"
luteolin,1507.3,cm^-1,,"COMPUTED GFN2-xTB (theoretical, non-experimental)"
luteolin,1558.4,cm^-1,,"COMPUTED GFN2-xTB (theoretical, non-experimental)"
luteolin,1573.3,cm^-1,,"COMPUTED GFN2-xTB (theoretical, non-experimental)"
luteolin,1582.2,cm^-1,,"COMPUTED GFN2-xTB (theoretical, non-experimental)"
luteolin,1596.7,cm^-1,,"COMPUTED GFN2-xTB (theoretical, non-experimental)"
luteolin,1615.1,cm^-1,,"COMPUTED GFN2-xTB (theoretical, non-experimental)"
luteolin,1636.7,cm^-1,,"COMPUTED GFN2-xTB (theoretical, non-experimental)"
luteolin,2850.8,cm^-1,,"COMPUTED GFN2-xTB (theoretical, non-experimental)"
luteolin,3081.6,cm^-1,,"COMPUTED GFN2-xTB (theoretical, non-experimental)"
luteolin,3095.9,cm^-1,,"COMPUTED GFN2-xTB (theoretical, non-experimental)"
luteolin,3109.4,cm^-1,,"COMPUTED GFN2-xTB (theoretical, non-experimental)"
luteolin,3119.5,cm^-1,,"COMPUTED GFN2-xTB (theoretical, non-experimental)"
luteolin,3120.9,cm^-1,,"COMPUTED GFN2-xTB (theoretical, non-experimental)"
luteolin,3133.4,cm^-1,,"COMPUTED GFN2-xTB (theoretical, non-experimental)"
luteolin,3484.5,cm^-1,,"COMPUTED GFN2-xTB (theoretical, non-experimental)"
luteolin,3517.3,cm^-1,,"COMPUTED GFN2-xTB (theoretical, non-experimental)"
luteolin,3553.9,cm^-1,,"COMPUTED GFN2-xTB (theoretical, non-experimental)"
kaempferol,109.2,cm^-1,,"COMPUTED GFN2-xTB (theoretical, non-experimental)"
kaempferol,141.1,cm^-1,,"COMPUTED GFN2-xTB (theoretical, non-experimental)"
kaempferol,193.7,cm^-1,,"COMPUTED GFN2-xTB (theoretical, non-experimental)"
kaempferol,207.9,cm^-1,,"COMPUTED GFN2-xTB (theoretical, non-experimental)"
kaempferol,213.7,cm^-1,,"COMPUTED GFN2-xTB (theoretical, non-experimental)"
kaempferol,242.9,cm^-1,,"COMPUTED GFN2-xTB (theoretical, non-experimental)"
kaempferol,267.4,cm^-1,,"COMPUTED GFN2-xTB (theoretical, non-experimental)"
kaempferol,282.8,cm^-1,,"COMPUTED GFN2-xTB (theoretical, non-experimental)"
kaempferol,304.4,cm^-1,,"COMPUTED GFN2-xTB (theoretical, non-experimental)"
kaempferol,342.0,cm^-1,,"COMPUTED GFN2-xTB (theoretical, non-experimental)"
kaempferol,355.8,cm^-1,,"COMPUTED GFN2-xTB (theoretical, non-experimental)"
kaempferol,372.0,cm^-1,,"COMPUTED GFN2-xTB (theoretical, non-experimental)"
kaempferol,385.9,cm^-1,,"COMPUTED GFN2-xTB (theoretical, non-experimental)"
kaempferol,390.3,cm^-1,,"COMPUTED GFN2-xTB (theoretical, non-experimental)"
kaempferol,406.4,cm^-1,,"COMPUTED GFN2-xTB (theoretical, non-experimental)"
kaempferol,434.6,cm^-1,,"COMPUTED GFN2-xTB (theoretical, non-experimental)"
kaempferol,444.0,cm^-1,,"COMPUTED GFN2-xTB (theoretical, non-experimental)"
kaempferol,456.0,cm^-1,,"COMPUTED GFN2-xTB (theoretical, non-experimental)"
kaempferol,483.4,cm^-1,,"COMPUTED GFN2-xTB (theoretical, non-experimental)"
kaempferol,495.6,cm^-1,,"COMPUTED GFN2-xTB (theoretical, non-experimental)"
kaempferol,538.7,cm^-1,,"COMPUTED GFN2-xTB (theoretical, non-experimental)"
kaempferol,567.8,cm^-1,,"COMPUTED GFN2-xTB (theoretical, non-experimental)"
kaempferol,569.1,cm^-1,,"COMPUTED GFN2-xTB (theoretical, non-experimental)"
kaempferol,591.0,cm^-1,,"COMPUTED GFN2-xTB (theoretical, non-experimental)"
kaempferol,601.1,cm^-1,,"COMPUTED GFN2-xTB (theoretical, non-experimental)"
kaempferol,607.5,cm^-1,,"COMPUTED GFN2-xTB (theoretical, non-experimental)"
kaempferol,616.1,cm^-1,,"COMPUTED GFN2-xTB (theoretical, non-experimental)"
kaempferol,633.1,cm^-1,,"COMPUTED GFN2-xTB (theoretical, non-experimental)"
kaempferol,655.9,cm^-1,,"COMPUTED GFN2-xTB (theoretical, non-experimental)"
kaempferol,668.3,cm^-1,,"COMPUTED GFN2-xTB (theoretical, non-experimental)"
kaempferol,684.5,cm^-1,,"COMPUTED GFN2-xTB (theoretical, non-experimental)"
kaempferol,703.6,cm^-1,,"COMPUTED GFN2-xTB (theoretical, non-experimental)"
kaempferol,720.4,cm^-1,,"COMPUTED GFN2-xTB (theoretical, non-experimental)"
kaempferol,788.2,cm^-1,,"COMPUTED GFN2-xTB (theoretical, non-experimental)"
kaempferol,806.2,cm^-1,,"COMPUTED GFN2-xTB (theoretical, non-experimental)"
kaempferol,812.5,cm^-1,,"COMPUTED GFN2-xTB (theoretical, non-experimental)"
kaempferol,819.8,cm^-1,,"COMPUTED GFN2-xTB (theoretical, non-experimental)"
kaempferol,855.1,cm^-1,,"COMPUTED GFN2-xTB (theoretical, non-experimental)"
kaempferol,861.4,cm^-1,,"COMPUTED GFN2-xTB (theoretical, non-experimental)"
kaempferol,889.7,cm^-1,,"COMPUTED GFN2-xTB (theoretical, non-experimental)"
kaempferol,903.3,cm^-1,,"COMPUTED GFN2-xTB (theoretical, non-experimental)"
kaempferol,916.9,cm^-1,,"COMPUTED GFN2-xTB (theoretical, non-experimental)"
kaempferol,977.4,cm^-1,,"COMPUTED GFN2-xTB (theoretical, non-experimental)"
kaempferol,1015.5,cm^-1,,"COMPUTED GFN2-xTB (theoretical, non-experimental)"
kaempferol,1028.1,cm^-1,,"COMPUTED GFN2-xTB (theoretical, non-experimental)"
kaempferol,1089.2,cm^-1,,"COMPUTED GFN2-xTB (theoretical, non-experimental)"
kaempferol,1121.1,cm^-1,,"COMPUTED GFN2-xTB (theoretical, non-experimental)"
kaempferol,1124.7,cm^-1,,"COMPUTED GFN2-xTB (theoretical, non-experimental)"
kaempferol,1131.2,cm^-1,,"COMPUTED GFN2-xTB (theoretical, non-experimental)"
kaempferol,1145.4,cm^-1,,"COMPUTED GFN2-xTB (theoretical, non-experimental)"
kaempferol,1165.0,cm^-1,,"COMPUTED GFN2-xTB (theoretical, non-experimental)"
kaempferol,1184.5,cm^-1,,"COMPUTED GFN2-xTB (theoretical, non-experimental)"
kaempferol,1198.0,cm^-1,,"COMPUTED GFN2-xTB (theoretical, non-experimental)"
kaempferol,1206.4,cm^-1,,"COMPUTED GFN2-xTB (theoretical, non-experimental)"
kaempferol,1232.0,cm^-1,,"COMPUTED GFN2-xTB (theoretical, non-experimental)"
kaempferol,1252.9,cm^-1,,"COMPUTED GFN2-xTB (theoretical, non-experimental)"
kaempferol,1274.2,cm^-1,,"COMPUTED GFN2-xTB (theoretical, non-experimental)"
kaempferol,1288.0,cm^-1,,"COMPUTED GFN2-xTB (theoretical, non-experimental)"
kaempferol,1306.9,cm^-1,,"COMPUTED GFN2-xTB (theoretical, non-experimental)"
kaempferol,1340.3,cm^-1,,"COMPUTED GFN2-xTB (theoretical, non-experimental)"
kaempferol,1353.4,cm^-1,,"COMPUTED GFN2-xTB (theoretical, non-experimental)"
kaempferol,1377.0,cm^-1,,"COMPUTED GFN2-xTB (theoretical, non-experimental)"
kaempferol,1390.0,cm^-1,,"COMPUTED GFN2-xTB (theoretical, non-experimental)"
kaempferol,1423.7,cm^-1,,"COMPUTED GFN2-xTB (theoretical, non-experimental)"
kaempferol,1451.5,cm^-1,,"COMPUTED GFN2-xTB (theoretical, non-experimental)"
kaempferol,1459.9,cm^-1,,"COMPUTED GFN2-xTB (theoretical, non-experimental)"
kaempferol,1489.1,cm^-1,,"COMPUTED GFN2-xTB (theoretical, non-experimental)"
kaempferol,1555.6,cm^-1,,"COMPUTED GFN2-xTB (theoretical, non-experimental)"
kaempferol,1573.7,cm^-1,,"COMPUTED GFN2-xTB (theoretical, non-experimental)"
kaempferol,1576.9,cm^-1,,"COMPUTED GFN2-xTB (theoretical, non-experimental)"
kaempferol,1602.7,cm^-1,,"COMPUTED GFN2-xTB (theoretical, non-experimental)"
kaempferol,1609.9,cm^-1,,"COMPUTED GFN2-xTB (theoretical, non-experimental)"
kaempferol,1640.5,cm^-1,,"COMPUTED GFN2-xTB (theoretical, non-experimental)"
kaempferol,2990.8,cm^-1,,"COMPUTED GFN2-xTB (theoretical, non-experimental)"
kaempferol,3054.4,cm^-1,,"COMPUTED GFN2-xTB (theoretical, non-experimental)"
kaempferol,3102.1,cm^-1,,"COMPUTED GFN2-xTB (theoretical, non-experimental)"
kaempferol,3104.9,cm^-1,,"COMPUTED GFN2-xTB (theoretical, non-experimental)"
kaempferol,3114.9,cm^-1,,"COMPUTED GFN2-xTB (theoretical, non-experimental)"
kaempferol,3115.4,cm^-1,,"COMPUTED GFN2-xTB (theoretical, non-experimental)"
kaempferol,3134.0,cm^-1,,"COMPUTED GFN2-xTB (theoretical, non-experimental)"
kaempferol,3267.2,cm^-1,,"COMPUTED GFN2-xTB (theoretical, non-experimental)"
kaempferol,3510.5,cm^-1,,"COMPUTED GFN2-xTB (theoretical, non-experimental)"
kaempferol,3516.1,cm^-1,,"COMPUTED GFN2-xTB (theoretical, non-experimental)"
quercetin,107.8,cm^-1,,"COMPUTED GFN2-xTB (theoretical, non-experimental)"
quercetin,138.2,cm^-1,,"COMPUTED GFN2-xTB (theoretical, non-experimental)"
quercetin,177.1,cm^-1,,"COMPUTED GFN2-xTB (theoretical, non-experimental)"
quercetin,201.0,cm^-1,,"COMPUTED GFN2-xTB (theoretical, non-experimental)"
quercetin,213.4,cm^-1,,"COMPUTED GFN2-xTB (theoretical, non-experimental)"
quercetin,222.0,cm^-1,,"COMPUTED GFN2-xTB (theoretical, non-experimental)"
quercetin,244.5,cm^-1,,"COMPUTED GFN2-xTB (theoretical, non-experimental)"
quercetin,263.7,cm^-1,,"COMPUTED GFN2-xTB (theoretical, non-experimental)"
quercetin,281.3,cm^-1,,"COMPUTED GFN2-xTB (theoretical, non-experimental)"
quercetin,283.7,cm^-1,,"COMPUTED GFN2-xTB (theoretical, non-experimental)"
quercetin,307.0,cm^-1,,"COMPUTED GFN2-xTB (theoretical, non-experimental)"
quercetin,343.4,cm^-1,,"COMPUTED GFN2-xTB (theoretical, non-experimental)"
quercetin,357.9,cm^-1,,"COMPUTED GFN2-xTB (theoretical, non-experimental)"
quercetin,382.4,cm^-1,,"COMPUTED GFN2-xTB (theoretical, non-experimental)"
quercetin,387.5,cm^-1,,"COMPUTED GFN2-xTB (theoretical, non-experimental)"
quercetin,395.9,cm^-1,,"COMPUTED GFN2-xTB (theoretical, non-experimental)"
quercetin,427.9,cm^-1,,"COMPUTED GFN2-xTB (theoretical, non-experimental)"
quercetin,440.0,cm^-1,,"COMPUTED GFN2-xTB (theoretical, non-experimental)"
quercetin,447.2,cm^-1,,"COMPUTED GFN2-xTB (theoretical, non-experimental)"
quercetin,454.6,cm^-1,,"COMPUTED GFN2-xTB (theoretical, non-experimental)"
quercetin,488.9,cm^-1,,"COMPUTED GFN2-xTB (theoretical, non-experimental)"
quercetin,496.4,cm^-1,,"COMPUTED GFN2-xTB (theoretical, non-experimental)"
quercetin,520.0,cm^-1,,"COMPUTED GFN2-xTB (theoretical, non-experimental)"
quercetin,543.1,cm^-1,,"COMPUTED GFN2-xTB (theoretical, non-experimental)"
quercetin,565.4,cm^-1,,"COMPUTED GFN2-xTB (theoretical, non-experimental)"
quercetin,581.7,cm^-1,,"COMPUTED GFN2-xTB (theoretical, non-experimental)"
quercetin,588.7,cm^-1,,"COMPUTED GFN2-xTB (theoretical, non-experimental)"
quercetin,595.6,cm^-1,,"COMPUTED GFN2-xTB (theoretical, non-experimental)"
quercetin,601.7,cm^-1,,"COMPUTED GFN2-xTB (theoretical, non-experimental)"
quercetin,620.0,cm^-1,,"COMPUTED GFN2-xTB (theoretical, non-experimental)"
quercetin,637.2,cm^-1,,"COMPUTED GFN2-xTB (theoretical, non-experimental)"
quercetin,656.3,cm^-1,,"COMPUTED GFN2-xTB (theoretical, non-experimental)"
quercetin,666.6,cm^-1,,"COMPUTED GFN2-xTB (theoretical, non-experimental)"
quercetin,676.4,cm^-1,,"COMPUTED GFN2-xTB (theoretical, non-experimental)"
quercetin,701.9,cm^-1,,"COMPUTED GFN2-xTB (theoretical, non-experimental)"
quercetin,720.8,cm^-1,,"COMPUTED GFN2-xTB (theoretical, non-experimental)"
quercetin,789.7,cm^-1,,"COMPUTED GFN2-xTB (theoretical, non-experimental)"
quercetin,802.8,cm^-1,,"COMPUTED GFN2-xTB (theoretical, non-experimental)"
quercetin,805.6,cm^-1,,"COMPUTED GFN2-xTB (theoretical, non-experimental)"
quercetin,817.0,cm^-1,,"COMPUTED GFN2-xTB (theoretical, non-experimental)"
quercetin,828.7,cm^-1,,"COMPUTED GFN2-xTB (theoretical, non-experimental)"
quercetin,855.0,cm^-1,,"COMPUTED GFN2-xTB (theoretical, non-experimental)"
quercetin,857.5,cm^-1,,"COMPUTED GFN2-xTB (theoretical, non-experimental)"
quercetin,904.1,cm^-1,,"COMPUTED GFN2-xTB (theoretical, non-experimental)"
quercetin,929.9,cm^-1,,"COMPUTED GFN2-xTB (theoretical, non-experimental)"
quercetin,1010.2,cm^-1,,"COMPUTED GFN2-xTB (theoretical, non-experimental)"
quercetin,1028.9,cm^-1,,"COMPUTED GFN2-xTB (theoretical, non-experimental)"
quercetin,1087.8,cm^-1,,"COMPUTED GFN2-xTB (theoretical, non-experimental)"
quercetin,1096.0,cm^-1,,"COMPUTED GFN2-xTB (theoretical, non-experimental)"
quercetin,1118.5,cm^-1,,"COMPUTED GFN2-xTB (theoretical, non-experimental)"
quercetin,1130.8,cm^-1,,"COMPUTED GFN2-xTB (theoretical, non-experimental)"
quercetin,1137.0,cm^-1,,"COMPUTED GFN2-xTB (theoretical, non-experimental)"
quercetin,1163.4,cm^-1,,"COMPUTED GFN2-xTB (theoretical, non-experimental)"
quercetin,1165.9,cm^-1,,"COMPUTED GFN2-xTB (theoretical, non-experimental)"
quercetin,1192.9,cm^-1,,"COMPUTED GFN2-xTB (theoretical, non-experimental)"
quercetin,1200.4,cm^-1,,"COMPUTED GFN2-xTB (theoretical, non-experimental)"
quercetin,1207.6,cm^-1,,"COMPUTED GFN2-xTB (theoretical, non-experimental)"
quercetin,1231.6,cm^-1,,"COMPUTED GFN2-xTB (theoretical, non-experimental)"
quercetin,1252.4,cm^-1,,"COMPUTED GFN2-xTB (theoretical, non-experimental)"
quercetin,1270.9,cm^-1,,"COMPUTED GFN2-xTB (theoretical, non-experimental)"
quercetin,1287.2,cm^-1,,"COMPUTED GFN2-xTB (theoretical, non-experimental)"
quercetin,1324.9,cm^-1,,"COMPUTED GFN2-xTB (theoretical, non-experimental)"
quercetin,1349.6,cm^-1,,"COMPUTED GFN2-xTB (theoretical, non-experimental)"
quercetin,1367.9,cm^-1,,"COMPUTED GFN2-xTB (theoretical, non-experimental)"
quercetin,1378.1,cm^-1,,"COMPUTED GFN2-xTB (theoretical, non-experimental)"
quercetin,1389.5,cm^-1,,"COMPUTED GFN2-xTB (theoretical, non-experimental)"
quercetin,1436.2,cm^-1,,"COMPUTED GFN2-xTB (theoretical, non-experimental)"
quercetin,1451.4,cm^-1,,"COMPUTED GFN2-xTB (theoretical, non-experimental)"
quercetin,1460.0,cm^-1,,"COMPUTED GFN2-xTB (theoretical, non-experimental)"
quercetin,1506.0,cm^-1,,"COMPUTED GFN2-xTB (theoretical, non-experimental)"
quercetin,1555.7,cm^-1,,"COMPUTED GFN2-xTB (theoretical, non-experimental)"
quercetin,1572.6,cm^-1,,"COMPUTED GFN2-xTB (theoretical, non-experimental)"
quercetin,1580.3,cm^-1,,"COMPUTED GFN2-xTB (theoretical, non-experimental)"
quercetin,1597.6,cm^-1,,"COMPUTED GFN2-xTB (theoretical, non-experimental)"
quercetin,1609.4,cm^-1,,"COMPUTED GFN2-xTB (theoretical, non-experimental)"
quercetin,1641.7,cm^-1,,"COMPUTED GFN2-xTB (theoretical, non-experimental)"
quercetin,2987.5,cm^-1,,"COMPUTED GFN2-xTB (theoretical, non-experimental)"
quercetin,3069.8,cm^-1,,"COMPUTED GFN2-xTB (theoretical, non-experimental)"
quercetin,3103.3,cm^-1,,"COMPUTED GFN2-xTB (theoretical, non-experimental)"
quercetin,3118.1,cm^-1,,"COMPUTED GFN2-xTB (theoretical, non-experimental)"
quercetin,3130.1,cm^-1,,"COMPUTED GFN2-xTB (theoretical, non-experimental)"
quercetin,3134.8,cm^-1,,"COMPUTED GFN2-xTB (theoretical, non-experimental)"
quercetin,3276.5,cm^-1,,"COMPUTED GFN2-xTB (theoretical, non-experimental)"
quercetin,3486.4,cm^-1,,"COMPUTED GFN2-xTB (theoretical, non-experimental)"
quercetin,3510.4,cm^-1,,"COMPUTED GFN2-xTB (theoretical, non-experimental)"
quercetin,3549.9,cm^-1,,"COMPUTED GFN2-xTB (theoretical, non-experimental)"
caffeic acid,124.6,cm^-1,,"COMPUTED GFN2-xTB (theoretical, non-experimental)"
caffeic acid,168.8,cm^-1,,"COMPUTED GFN2-xTB (theoretical, non-experimental)"
caffeic acid,195.1,cm^-1,,"COMPUTED GFN2-xTB (theoretical, non-experimental)"
caffeic acid,235.0,cm^-1,,"COMPUTED GFN2-xTB (theoretical, non-experimental)"
caffeic acid,285.3,cm^-1,,"COMPUTED GFN2-xTB (theoretical, non-experimental)"
caffeic acid,307.9,cm^-1,,"COMPUTED GFN2-xTB (theoretical, non-experimental)"
caffeic acid,358.6,cm^-1,,"COMPUTED GFN2-xTB (theoretical, non-experimental)"
caffeic acid,387.9,cm^-1,,"COMPUTED GFN2-xTB (theoretical, non-experimental)"
caffeic acid,438.9,cm^-1,,"COMPUTED GFN2-xTB (theoretical, non-experimental)"
caffeic acid,449.0,cm^-1,,"COMPUTED GFN2-xTB (theoretical, non-experimental)"
caffeic acid,467.0,cm^-1,,"COMPUTED GFN2-xTB (theoretical, non-experimental)"
caffeic acid,513.4,cm^-1,,"COMPUTED GFN2-xTB (theoretical, non-experimental)"
caffeic acid,535.8,cm^-1,,"COMPUTED GFN2-xTB (theoretical, non-experimental)"
caffeic acid,553.0,cm^-1,,"COMPUTED GFN2-xTB (theoretical, non-experimental)"
caffeic acid,564.8,cm^-1,,"COMPUTED GFN2-xTB (theoretical, non-experimental)"
caffeic acid,594.2,cm^-1,,"COMPUTED GFN2-xTB (theoretical, non-experimental)"
caffeic acid,606.3,cm^-1,,"COMPUTED GFN2-xTB (theoretical, non-experimental)"
caffeic acid,667.5,cm^-1,,"COMPUTED GFN2-xTB (theoretical, non-experimental)"
caffeic acid,694.6,cm^-1,,"COMPUTED GFN2-xTB (theoretical, non-experimental)"
caffeic acid,756.8,cm^-1,,"COMPUTED GFN2-xTB (theoretical, non-experimental)"
caffeic acid,796.8,cm^-1,,"COMPUTED GFN2-xTB (theoretical, non-experimental)"
caffeic acid,810.0,cm^-1,,"COMPUTED GFN2-xTB (theoretical, non-experimental)"
caffeic acid,833.7,cm^-1,,"COMPUTED GFN2-xTB (theoretical, non-experimental)"
caffeic acid,854.0,cm^-1,,"COMPUTED GFN2-xTB (theoretical, non-experimental)"
caffeic acid,909.4,cm^-1,,"COMPUTED GFN2-xTB (theoretical, non-experimental)"
caffeic acid,932.2,cm^-1,,"COMPUTED GFN2-xTB (theoretical, non-experimental)"
caffeic acid,987.3,cm^-1,,"COMPUTED GFN2-xTB (theoretical, non-experimental)"
caffeic acid,993.1,cm^-1,,"COMPUTED GFN2-xTB (theoretical, non-experimental)"
caffeic acid,1095.2,cm^-1,,"COMPUTED GFN2-xTB (theoretical, non-experimental)"
caffeic acid,1125.5,cm^-1,,"COMPUTED GFN2-xTB (theoretical, non-experimental)"
caffeic acid,1137.9,cm^-1,,"COMPUTED GFN2-xTB (theoretical, non-experimental)"
caffeic acid,1164.8,cm^-1,,"COMPUTED GFN2-xTB (theoretical, non-experimental)"
caffeic acid,1170.9,cm^-1,,"COMPUTED GFN2-xTB (theoretical, non-experimental)"
caffeic acid,1208.7,cm^-1,,"COMPUTED GFN2-xTB (theoretical, non-experimental)"
caffeic acid,1241.0,cm^-1,,"COMPUTED GFN2-xTB (theoretical, non-experimental)"
caffeic acid,1259.6,cm^-1,,"COMPUTED GFN2-xTB (theoretical, non-experimental)"
caffeic acid,1269.0,cm^-1,,"COMPUTED GFN2-xTB (theoretical, non-experimental)"
caffeic acid,1293.9,cm^-1,,"COMPUTED GFN2-xTB (theoretical, non-experimental)"
caffeic acid,1326.1,cm^-1,,"COMPUTED GFN2-xTB (theoretical, non-experimental)"
caffeic acid,1370.0,cm^-1,,"COMPUTED GFN2-xTB (theoretical, non-experimental)"
caffeic acid,1445.8,cm^-1,,"COMPUTED GFN2-xTB (theoretical, non-experimental)"
caffeic acid,1504.4,cm^-1,,"COMPUTED GFN2-xTB (theoretical, non-experimental)"
caffeic acid,1569.6,cm^-1,,"COMPUTED GFN2-xTB (theoretical, non-experimental)"
caffeic acid,1588.8,cm^-1,,"COMPUTED GFN2-xTB (theoretical, non-experimental)"
caffeic acid,1638.6,cm^-1,,"COMPUTED GFN2-xTB (theoretical, non-experimental)"
caffeic acid,1745.4,cm^-1,,"COMPUTED GFN2-xTB (theoretical, non-experimental)"
caffeic acid,3077.6,cm^-1,,"COMPUTED GFN2-xTB (theoretical, non-experimental)"
caffeic acid,3085.6,cm^-1,,"COMPUTED GFN2-xTB (theoretical, non-experimental)"
caffeic acid,3091.0,cm^-1,,"COMPUTED GFN2-xTB (theoretical, non-experimental)"
caffeic acid,3109.8,cm^-1,,"COMPUTED GFN2-xTB (theoretical, non-experimental)"
caffeic acid,3111.1,cm^-1,,"COMPUTED GFN2-xTB (theoretical, non-experimental)"
caffeic acid,3466.5,cm^-1,,"COMPUTED GFN2-xTB (theoretical, non-experimental)"
caffeic acid,3470.8,cm^-1,,"COMPUTED GFN2-xTB (theoretical, non-experimental)"
caffeic acid,3546.6,cm^-1,,"COMPUTED GFN2-xTB (theoretical, non-experimental)"
ferulic acid,134.8,cm^-1,,"COMPUTED GFN2-xTB (theoretical, non-experimental)"
ferulic acid,164.8,cm^-1,,"COMPUTED GFN2-xTB (theoretical, non-experimental)"
ferulic acid,179.5,cm^-1,,"COMPUTED GFN2-xTB (theoretical, non-experimental)"
ferulic acid,201.4,cm^-1,,"COMPUTED GFN2-xTB (theoretical, non-experimental)"
ferulic acid,232.9,cm^-1,,"COMPUTED GFN2-xTB (theoretical, non-experimental)"
ferulic acid,268.4,cm^-1,,"COMPUTED GFN2-xTB (theoretical, non-experimental)"
ferulic acid,294.3,cm^-1,,"COMPUTED GFN2-xTB (theoretical, non-experimental)"
ferulic acid,359.2,cm^-1,,"COMPUTED GFN2-xTB (theoretical, non-experimental)"
ferulic acid,363.4,cm^-1,,"COMPUTED GFN2-xTB (theoretical, non-experimental)"
ferulic acid,428.8,cm^-1,,"COMPUTED GFN2-xTB (theoretical, non-experimental)"
ferulic acid,463.7,cm^-1,,"COMPUTED GFN2-xTB (theoretical, non-experimental)"
ferulic acid,495.7,cm^-1,,"COMPUTED GFN2-xTB (theoretical, non-experimental)"
ferulic acid,504.2,cm^-1,,"COMPUTED GFN2-xTB (theoretical, non-experimental)"
ferulic acid,534.9,cm^-1,,"COMPUTED GFN2-xTB (theoretical, non-experimental)"
ferulic acid,548.1,cm^-1,,"COMPUTED GFN2-xTB (theoretical, non-experimental)"
ferulic acid,561.5,cm^-1,,"COMPUTED GFN2-xTB (theoretical, non-experimental)"
ferulic acid,591.2,cm^-1,,"COMPUTED GFN2-xTB (theoretical, non-experimental)"
ferulic acid,606.8,cm^-1,,"COMPUTED GFN2-xTB (theoretical, non-experimental)"
ferulic acid,668.4,cm^-1,,"COMPUTED GFN2-xTB (theoretical, non-experimental)"
ferulic acid,693.6,cm^-1,,"COMPUTED GFN2-xTB (theoretical, non-experimental)"
ferulic acid,742.0,cm^-1,,"COMPUTED GFN2-xTB (theoretical, non-experimental)"
ferulic acid,799.5,cm^-1,,"COMPUTED GFN2-xTB (theoretical, non-experimental)"
ferulic acid,817.9,cm^-1,,"COMPUTED GFN2-xTB (theoretical, non-experimental)"
ferulic acid,832.5,cm^-1,,"COMPUTED GFN2-xTB (theoretical, non-experimental)"
ferulic acid,850.8,cm^-1,,"COMPUTED GFN2-xTB (theoretical, non-experimental)"
ferulic acid,905.2,cm^-1,,"COMPUTED GFN2-xTB (theoretical, non-experimental)"
ferulic acid,931.5,cm^-1,,"COMPUTED GFN2-xTB (theoretical, non-experimental)"
ferulic acid,982.4,cm^-1,,"COMPUTED GFN2-xTB (theoretical, non-experimental)"
ferulic acid,994.4,cm^-1,,"COMPUTED GFN2-xTB (theoretical, non-experimental)"
ferulic acid,1052.1,cm^-1,,"COMPUTED GFN2-xTB (theoretical, non-experimental)"
ferulic acid,1117.9,cm^-1,,"COMPUTED GFN2-xTB (theoretical, non-experimental)"
ferulic acid,1124.9,cm^-1,,"COMPUTED GFN2-xTB (theoretical, non-experimental)"
ferulic acid,1125.0,cm^-1,,"COMPUTED GFN2-xTB (theoretical, non-experimental)"
ferulic acid,1154.6,cm^-1,,"COMPUTED GFN2-xTB (theoretical, non-experimental)"
ferulic acid,1165.5,cm^-1,,"COMPUTED GFN2-xTB (theoretical, non-experimental)"
ferulic acid,1171.3,cm^-1,,"COMPUTED GFN2-xTB (theoretical, non-experimental)"
ferulic acid,1201.0,cm^-1,,"COMPUTED GFN2-xTB (theoretical, non-experimental)"
ferulic acid,1241.0,cm^-1,,"COMPUTED GFN2-xTB (theoretical, non-experimental)"
ferulic acid,1253.8,cm^-1,,"COMPUTED GFN2-xTB (theoretical, non-experimental)"
ferulic acid,1260.3,cm^-1,,"COMPUTED GFN2-xTB (theoretical, non-experimental)"
ferulic acid,1292.4,cm^-1,,"COMPUTED GFN2-xTB (theoretical, non-experimental)"
ferulic acid,1316.5,cm^-1,,"COMPUTED GFN2-xTB (theoretical, non-experimental)"
ferulic acid,1373.0,cm^-1,,"COMPUTED GFN2-xTB (theoretical, non-experimental)"
ferulic acid,1403.3,cm^-1,,"COMPUTED GFN2-xTB (theoretical, non-experimental)"
ferulic acid,1440.5,cm^-1,,"COMPUTED GFN2-xTB (theoretical, non-experimental)"
ferulic acid,1468.9,cm^-1,,"COMPUTED GFN2-xTB (theoretical, non-experimental)"
ferulic acid,1481.7,cm^-1,,"COMPUTED GFN2-xTB (theoretical, non-experimental)"
ferulic acid,1495.5,cm^-1,,"COMPUTED GFN2-xTB (theoretical, non-experimental)"
ferulic acid,1569.4,cm^-1,,"COMPUTED GFN2-xTB (theoretical, non-experimental)"
ferulic acid,1583.7,cm^-1,,"COMPUTED GFN2-xTB (theoretical, non-experimental)"
ferulic acid,1635.7,cm^-1,,"COMPUTED GFN2-xTB (theoretical, non-experimental)"
ferulic acid,1743.3,cm^-1,,"COMPUTED GFN2-xTB (theoretical, non-experimental)"
ferulic acid,2941.0,cm^-1,,"COMPUTED GFN2-xTB (theoretical, non-experimental)"
ferulic acid,2953.0,cm^-1,,"COMPUTED GFN2-xTB (theoretical, non-experimental)"
ferulic acid,3035.8,cm^-1,,"COMPUTED GFN2-xTB (theoretical, non-experimental)"
ferulic acid,3062.3,cm^-1,,"COMPUTED GFN2-xTB (theoretical, non-experimental)"
ferulic acid,3088.0,cm^-1,,"COMPUTED GFN2-xTB (theoretical, non-experimental)"
ferulic acid,3091.2,cm^-1,,"COMPUTED GFN2-xTB (theoretical, non-experimental)"
ferulic acid,3118.1,cm^-1,,"COMPUTED GFN2-xTB (theoretical, non-experimental)"
ferulic acid,3125.0,cm^-1,,"COMPUTED GFN2-xTB (theoretical, non-experimental)"
ferulic acid,3468.6,cm^-1,,"COMPUTED GFN2-xTB (theoretical, non-experimental)"
ferulic acid,3469.2,cm^-1,,"COMPUTED GFN2-xTB (theoretical, non-experimental)"
